{"last_tab":"","jws_theme_less":"1","jws_theme_box_style":"1","jws_theme_enabled_smooth_scroll":"1","jws_theme_show_popup":"","jws_theme_body_layout":"wide","jws_theme_background":{"background-color":"#ffffff","background-repeat":"","background-size":"","background-attachment":"","background-position":"","background-image":"","media":{"id":"","height":"","width":"","thumbnail":""}},"jws_theme_favicon_image":{"url":"http:\/\/raymond.jwsuperthemes.com\/wp-content\/themes\/raymond\/favicon.ico","id":"","height":"","width":"","thumbnail":""},"jws_theme_logo_text":"","jws_theme_logo_image":{"url":"http:\/\/raymondupdate.jwsuperthemes.com\/wp-content\/uploads\/2016\/03\/logo.png","id":"1904","height":"60","width":"144","thumbnail":"http:\/\/raymondupdate.jwsuperthemes.com\/wp-content\/uploads\/2016\/03\/logo.png"},"jws_theme_header_layout":"v1","jws_theme_stick_header":"1","jws_theme_header_full":"","jws_theme_menu_font_size_firts_level":{"font-family":"Monda","font-options":"","google":"1","font-weight":"","font-style":"","text-align":"","font-size":"13px"},"jws_theme_menu_font_size_sub_level":{"font-family":"Monda","font-options":"","google":"1","font-weight":"","font-style":"","text-align":"","font-size":"13px","line-height":"39px"},"jws_theme_menu_padding":{"padding-top":"0","padding-right":"20px","padding-bottom":"0","padding-left":"20px","units":"px"},"jws_theme_error404_page_id":"1246","jws_theme_error404_display_header":"","jws_theme_error404_display_top_sidebar":"","jws_theme_error404_display_title":"","jws_theme_error404_display_footer":"","jws_theme_error404_bg":{"background-color":"","background-repeat":"","background-size":"","background-attachment":"","background-position":"","background-image":"http:\/\/raymondupdate.jwsuperthemes.com\/wp-content\/uploads\/2016\/04\/background.jpg","media":{"id":"2580","height":"1080","width":"1920","thumbnail":"http:\/\/raymondupdate.jwsuperthemes.com\/wp-content\/uploads\/2016\/04\/background-150x150.jpg"}},"jws_theme_display_footer":"1","jws_theme_footer_layout":"v1","jws_theme_footer_column":"","jws_theme_footer_col1":"col-xs-12 col-sm-7 col-md-3 col-lg-3","jws_theme_footer_col2":"col-xs-12 col-sm-5 col-md-2 col-lg-2","jws_theme_footer_col3":"col-xs-12 col-sm-5 col-md-2 col-lg-2","jws_theme_footer_col4":"col-xs-12 col-sm-7 col-md-5 col-lg-5 tb-col4","jws_theme_footer_margin":{"margin-top":"0","margin-right":"0","margin-bottom":"0","margin-left":"0","units":"px"},"jws_theme_footer_padding":{"padding-top":"0","padding-right":"0","padding-bottom":"0","padding-left":"0","units":"px"},"jws_theme_footer_top_bg":{"background-color":"#ffffff","background-repeat":"","background-size":"","background-attachment":"","background-position":"","background-image":"","media":{"id":"","height":"","width":"","thumbnail":""}},"jws_theme_footer_top_column":"4","jws_theme_footer_top_col1":"col-xs-12 col-sm-6 col-md-3","jws_theme_footer_top_col2":"col-xs-12 col-sm-6 col-md-3","jws_theme_footer_top_col3":"col-xs-12 col-sm-6 col-md-3","jws_theme_footer_top_col4":"col-xs-12 col-sm-6 col-md-3","jws_theme_footer_top_margin":{"margin-top":"0","margin-right":"0","margin-bottom":"0","margin-left":"0","units":"px"},"jws_theme_footer_top_padding":{"padding-top":"30px","padding-right":"0","padding-bottom":"20px","padding-left":"0","units":"px"},"jws_theme_footer_bottom_bg":{"background-color":"#ffffff","background-repeat":"","background-size":"","background-attachment":"","background-position":"","background-image":"","media":{"id":"","height":"","width":"","thumbnail":""}},"jws_theme_footer_bottom_column":"2","jws_theme_footer_bottom_col1":"col-xs-12 col-sm-6 col-md-6 col-lg-6","jws_theme_footer_bottom_col2":"col-xs-12 col-sm-6 col-md-6 col-lg-6","jws_theme_footer_bottom_margin":{"margin-top":"0","margin-right":"0","margin-bottom":"0","margin-left":"0","units":"px"},"jws_theme_footer_bottom_padding":{"padding-top":"20px","padding-right":"0","padding-bottom":"20px","padding-left":"0","units":"px"},"jws_theme_primary_color":"#eaa24e","jws_theme_body_font":{"font-family":"Monda","font-options":"","google":"1","font-backup":"","font-weight":"","font-style":"","subsets":"","text-align":"","font-size":"13px","line-height":"24px","color":"#747474"},"jws_theme_h1_font":{"font-family":"Monda","font-options":"","google":"1","font-backup":"","font-weight":"","font-style":"","subsets":"","text-align":"","font-size":"40px","line-height":"40px","letter-spacing":"","color":"#fff"},"jws_theme_h2_font":{"font-family":"Monda","font-options":"","google":"1","font-backup":"","font-weight":"","font-style":"","subsets":"","text-align":"","font-size":"25px","line-height":"30px","letter-spacing":"","color":"#333"},"jws_theme_h3_font":{"font-family":"Monda","font-options":"","google":"1","font-backup":"","font-weight":"","font-style":"","subsets":"","text-align":"","font-size":"24px","line-height":"29px","letter-spacing":"","color":"#272727"},"jws_theme_h4_font":{"font-family":"Monda","font-options":"","google":"1","font-backup":"","font-weight":"","font-style":"","subsets":"","text-align":"","font-size":"18px","line-height":"22px","letter-spacing":"","color":"#272727"},"jws_theme_h5_font":{"font-family":"Monda","font-options":"","google":"1","font-backup":"","font-weight":"","font-style":"","subsets":"","text-align":"","font-size":"16px","line-height":"19px","letter-spacing":"","color":"#272727"},"jws_theme_h6_font":{"font-family":"Monda","font-options":"","google":"1","font-backup":"","font-weight":"","font-style":"","subsets":"","text-align":"","font-size":"14px","line-height":"17px","letter-spacing":"","color":"#272727"},"google-font-1":{"font-family":"Playfair Display","font-options":"","google":"1","font-weight":"400","font-style":""},"google-font-2":{"font-family":"Playfair Display","font-options":"","google":"1","font-weight":"700","font-style":""},"google-font-3":{"font-family":"Oswald","font-options":"","google":"1","font-weight":"400","font-style":""},"google-font-4":{"font-family":"Oswald","font-options":"","google":"1","font-weight":"700","font-style":""},"jws_theme_display_page_title":"1","jws_theme_title_bar_typography":{"font-family":"Monda","font-options":"","google":"1","font-backup":"","font-weight":"","font-style":"","subsets":"","text-align":"center","font-size":"38px","line-height":"20px","color":"#fff"},"jws_theme_title_bar_bg":{"background-color":"transparent","background-repeat":"no-repeat","background-size":"cover","background-attachment":"","background-position":"center top","background-image":"http:\/\/raymondupdate.jwsuperthemes.com\/wp-content\/uploads\/2016\/03\/bg-pagetitle.jpg","media":{"id":"2053","height":"450","width":"1920","thumbnail":"http:\/\/raymondupdate.jwsuperthemes.com\/wp-content\/uploads\/2016\/03\/bg-pagetitle-150x150.jpg"}},"jws_theme_title_bar_padding":{"padding-top":"125px","padding-right":"0","padding-bottom":"125px","padding-left":"","units":"px"},"jws_theme_page_breadcrumb_delimiter":"|","jws_theme_display_breadcrumb":"1","jws_theme_display_searchbar":"1","jws_theme_show_page_comment":"1","jws_theme_blog_layout":"1col","jws_theme_blog_image_default":{"url":"","id":"","height":"","width":"","thumbnail":""},"jws_theme_blog_crop_image":"1","jws_theme_blog_image_width":"870","jws_theme_blog_image_height":"430","jws_theme_blog_show_post_title":"1","jws_theme_blog_show_post_info":"1","jws_theme_blog_show_post_desc":"1","jws_theme_blog_post_excerpt_leng":"50","jws_theme_blog_post_excerpt_more":"...","jws_theme_blog_post_readmore":"Read More >>","jws_theme_post_layout":"2cr","jws_theme_post_crop_image":"","jws_theme_post_image_width":"870","jws_theme_post_image_height":"430","jws_theme_post_show_post_title":"1","jws_theme_post_show_social_share":"1","jws_theme_post_show_post_info":"1","jws_theme_post_show_post_nav":"1","jws_theme_post_show_post_tags":"1","jws_theme_post_show_post_author":"1","jws_theme_post_show_post_comment":"1","jws_theme_post_show_post_about_author":"0","jws_theme_post_show_post_related":"","jws_theme_post_no_post_related":"3","jws_theme_archive_portfolio_template":"tpl2","jws_theme_archive_portfolio_show_filter":"1","jws_theme_archive_portfolio_show_page":"1","jws_theme_archive_portfolio_no_pading":"","jws_theme_archive_portfolio_column":"3","jws_theme_archive_portfolio_count":"","jws_theme_archive_portfolio_view_now":"0","jws_theme_archive_portfolio_view_more":"1","jws_theme_portfolio_layout":"1col","jws_theme_portfolio_show_post_title":"1","jws_theme_portfolio_show_social_share":"1","jws_theme_portfolio_show_post_nav":"1","jws_theme_portfolio_show_post_author":"","jws_theme_portfolio_show_post_comment":"","jws_theme_portfolio_show_post_related":"1","jws_theme_portfolio_no_post_related":"3","jws_theme_archive_sidebar_pos_shop":"tb-sidebar-left","jws_theme_archive_shop_column":"3","jws_theme_archive_shop_ful_column":"4","jws_theme_archive_shop_per_page":"9","jws_theme_archive_show_result_count":"1","jws_theme_archive_show_catalog_ordering":"1","jws_theme_archive_show_pagination_shop":"1","jws_theme_archive_show_title_product":"1","jws_theme_archive_show_price_product":"1","jws_theme_archive_show_rating_product":"1","jws_theme_archive_show_sale_flash_product":"1","jws_theme_archive_show_cat_product":"1","jws_theme_archive_show_add_to_cart_product":"1","jws_theme_archive_show_quick_view_product":"1","jws_theme_archive_show_whishlist_product":"1","jws_theme_archive_show_compare_product":"1","jws_theme_archive_show_color_attribute":"0","jws_theme_single_sidebar_pos_shop":"tb-sidebar-right","jws_theme_single_show_title_product":"1","jws_theme_single_show_price_product":"1","jws_theme_single_show_rating_product":"1","jws_theme_single_show_sale_flash_product":"1","jws_theme_video_tab":"on_thumbnail","jws_theme_single_show_excerpt":"1","jws_theme_single_show_add_to_cart_product":"1","jws_theme_single_show_meta":"1","jws_theme_single_show_data_tabs":"1","jws_theme_single_show_related_products":"1","custom_css_code":"","redux-backup":"1"}