{
    "PAGE_TITLE": "1World Content Exchange",
    "PAGE_CONTENT": "How to translate your AngularJS applications without page reload with angular-translate",
    "HOME_HEADER_TITLE": "Home",
    "HOME_SIGNUP_LABEL": "Sign Up",
    "HOME_LOGIN_LABEL": "Login",
    "1WORLD_ACCOUNT_LABEL": "1World Account",
    "WELCOME": "Welcome to the",
    "LOGIN_PAGE_TEXT": "The automated, real-time digital ebook B2B distribution platform Multiple Business Models - Realtime Results - Worldwide Reach",
    "HOME_SIGNUP_ASK": "Don't have an account yet?",
    "HOME_LOGIN_ASK": "Already registered with 1World Content?",
    "HOME_SIGNIN_EMAIL": "E-mail",
    "HOME_SIGNIN_PASSWORD": "Password",
    "KEEP_SIGNIN": "Keep me Signed In",
    "LOGIN_ACCOUNT_TEXT": "Log in to your account",
    "HOME_LOGIN_FORGETPASSWORD": "Forgot your password?",
    "CLICK_HERE": "Click Here",
    "RESETPASSWORD_TEXT": "to reset your password.",
    "SIGNUP_HEADER_TITLE": "Signup",
    "SIGNUP_FORM_TITLE": "Sign Up",
    "SIGNUP_FORM_DETAIL": "Enter your personal details below:",
    "FOR_LABEL": "for",
    "SIGNUP_HEADER": "The automated, real-time digital ebook B2B distribution platform",
    "SELECT_USERTYPE": "Select usertype to login with",
    "NAME_LABEL": "Name",
    "ADDRESS_LABEL": "Address",
    "CONTACT_PERSON_LABEL": "Contact Person",
    "PHONE_LABEL": "Phone",
    "FIRSTNAME_LABEL": "First Name",
    "LASTNAME_LABEL": "Last Name",
    "COMPANYNAME_LABEL": "Company Name",
    "EMAIL_LABEL": "Email",
    "PAYPAL_EMAIL_LABEL": "Email Address",
    "PAYPAL_CONFIRM_EMAIL_LABEL": "Confirm Email Address",
    "EMAIL_ADDRESS_LABEL": "E-mail Address",
    "PASSWORD_LABEL": "Password",
    "I_AGREE_LABEL": "I agree to the",
    "TERMS_OF_SERVICES_LABEL": "Terms of Service",
    "AND_LABEL": "and",
    "PRIVACY_POLICY_LABEL": "Privacy Policy",
    "SIGNUP_BACK": "Back",
    "BACK_LABEL": "Back",
    "SIGNUP_SUCCESS": "You have successfully signed up to 1World Content, please check your registered email account to activate your account.",
    "SIGNUP_ERROR": "Please try after some time.",
    "LOGIN_ERROR": "Login Error",
    "SIGNUP_VERIFY": "Account confirmed successfully.",
    "SIGNUP_ALREADY_CONFIRM": "Your account is already confirmed.",
    "LANGUAGE_LABEL": "Language",
    "AS_A_LABEL": "as a",
    "WELCOME_LABEL": "Welcome",
    "REGISTER_BOTH_LABEL": "You are registered as a Both Publisher and Retailer. So how would you like to manage this session? As a",
    "FIRST_TIME_LOGIN_LABEL": "Would you like to Set Up Company information now? You can always do this later by going to the Administration page.",
    "ENTER_YOUR": "Enter your",
    "ACCOUNT": "Account",
    "COMPANY_LABEL": "Company ",
    "INFO_AND": " Info and ",
    "PAYMENT": "Payment",
    "PUBLISHER_STEP_ONE_LABEL": " details (like how we will  pay you when your books are sold).",
    "PUBLISHER_STEP_TWO_LABEL": "Instructions for uploading your titles",
    "PUBLISHER_STEP_THREE_LABEL": "And the fun part; adding “Sales Channels” – innovative ways to price and sell all or parts of your catalog",
    "CHOOSE_YOUR_SELLING_TOOLS": "Choose Your Selling Tools - from our super-easy",
    "WIDGET_LABEL": "Widget",
    "API_LABEL": "API",
    "STRAIGHTFORWARD": " or Very Straightforward ",
    "RETAILER_STEP_TWO_LABEL": "details (like how we will  pay you when you sell something), and collect your profits as you sell.",
    "RETAILER_STEP_THREE_LABEL": "Set up your selling preferences (what kinds of books you’d like to sell and the different selling models)",
    "FIRST_TIME_PUBLISHER_LOGIN_LABEL": " - the new flexible way to sell ebooks– it’s just",
    "WELCOME_TO_LABEL": "Welcome to",
    "ONE_WORLD_LABEL": "1World",
    "FIRST_TIME_RETAILER_LOGIN_LABEL": " - the new simple, profitable way of selling ebooks– it’s just ",
    "THREE_STEP_STARTED_LABEL": "3 Easy Steps to Get Started",
    "PUBLISHER_LOGIN_STEP_INSTRUCTION_LABEL": "At any time just choose the “Help” in the upper-right corner for helpful explanations and videos.",
    "RETAILER_LOGIN_STEP_INSTRUCTION_LABEL": "Most people will choose the Widget, below. If you are doing your own programming and customization, you may be interested in the API.  Yes, you can use both as needed (just the instructions vary)",
    "REGISTER_RETAILOR_LABEL": "You are registered as a Retailer. So how would you like to manage this session? As a",
    "REGISTER_PUBLISER_LABEL": "You are registered as a Publisher. So how would you like to manage this session? As a",
    "RETAILER_FIRST_TIME_LOGIN_LABEL1": "Before you can sell books you will need to configure your Selling Preferences. Would you like to do this now?",
    "RETAILER_FIRST_TIME_LOGIN_LABEL2": "(You can always do it later by going to Selling Preferences in the main menu at the top right of your screen)",
    "SET_SELLING_PREFERENCE": "Set Up Selling Preferences",
    "COMPANY_PROFILE_LABEL": "Set Up Company Profile",
    "NOTNOW_LABEL": "Not Now",
    "FORGET_PASSWORD_TEXT": "Forgot Password",
    "SUBMIT_LABEL": "Submit",
    "PASSWORD_CHANGE_SUCCESS": "Password reset successfully.",
    "RESET_PASSWORD_TITLE": "Reset Password",
    "CONFIRM_EMAIL_LABEL": "Confirm Email",
    "CONFIRM_PASSWORD_LABEL": "Confirm Password",
    "CONTACT_INFORMATION": "Contact Information",
    "DASHBOARD_TITLE": "Dashboard",
    "DASHBOARD_LABEL": "Dashboard",
    "CATALOG_LABEL": "Catalog",
    "GROUPS_LABEL": "Book Groups",
    "CHANNELS_LABEL": "Channels",
    "BUSINESS_MODELS_LABEL": "Business Models",
    "BUSINESS_MODEL_LABEL": "Business Model",
    "REPORTS_LABEL": "Reports",
    "MY_ACCOUNT_LABEL": "My Account",
    "ADNIMINISTRATION_LABEL": "Company Administration",
    "MAINTAIN_BOOKS_LABEL": "Maintain Books",
    "LOG_OUT_LABEL": "Log Out",
    "GROUPS_HEADER_TITLE": "Groups",
    "EDIT_GROUPS_HEADER_TITLE": "Edit Group",
    "BUSINESS_MODELS_HEADER_TITLE": "Business Models",
    "INVITE_NEW_USER": "Invite New User",
    "CATALOG": "Catalog",
    "DASHBOARD_TRENDING": "Trending Sales This Month",
    "NO_DATA_FOUND": "No data found",
    "FILE_EXTENSION_LABEL": "Allowed file extension jpg, jpeg or png",
    "FILE_MIN_DIMENSION_LABEL": "Upload file dimensions (Min): 100 * 100",
    "FILE_MAX_DIMENSION_LABEL": "Upload file dimensions (Max): 2000 * 2000",
    "BUNDLE_FILE_MIN_DIMENSION_LABEL": "Upload file dimensions (Min): 300 * 450",
    "BUNDLE_FILE_MAX_DIMENSION_LABEL": "Upload file dimensions (Max): 600 * 900",
    "FILE_SIZE_LABEL": "Maximum file size 3MB",
    "MYACCOUNT_FIRSTNAME_LABEL": "First Name",
    "MYACCOUNT_LASTNAME_LABEL": "Last Name",
    "MYACCOUNT_COMPANYNAME_LABEL": "Company Name",
    "MYACCOUNT_EMAIL_LABEL": "E-mail",
    "MYACCOUNT_PASSWORD_LABEL": "Password",
    "MYACCOUNT_REENTER_PASSWORD_LABEL": "Re-enter Password",
    "MYACCOUNT_PASSWORD_NOT_MATCHED": "Passwords do not match",
    "MYACCOUNT_EDIT_LABEL": "Edit",
    "MYACCOUNT_SAVE_CHANGES_LABEL": "Save Changes",
    "MYACCOUNT_REMOVE_PHOTO_LABEL": "Are you sure you want to remove profile photo ?",
    "COMPANY_INFO_LABEL": "Company Information",
    "USERS_INFO_LABEL": "User Information",
    "CONTACT_INFO_LABEL": "Your Company Information",
    "FINANCIAL_INFO_LABEL": "Financial Information",
    "FINANCIAL_BANK_NAME_LABEL": "Bank Name",
    "FINANCIAL_BANK_ADDRESS_LABEL": "Bank Address",
    "ROUTING_LABEL": "Routing number",
    "ACCOUNT_LABEL": "Account#",
    "DWOLLA_ACCOUNT_LABEL": "Dwolla Acct#",
    "USERNAME_LABEL": "Username",
    "DATE_LABEL": "Date Created",
    "CREATED_BY_LABEL": "Created By",
    "CREATED_ON_LABEL": "Created On",
    "ACTIVE_LABEL": "Active",
    "INACTIVE_LABEL": "Inactive",
    "ACTION_LABEL": "Action",
    "SAVE_LABEL": "Save",
    "CATALOG_SEARCH_LABEL": "Search",
    "CLEAR_ALL_LABEL": "Clear All",
    "ADD_ALL_LABEL": "Add All",
    "ADD_SELECTED_LABEL": "Add Selected",
    "ADD_TAG": "Add tag",
    "EDIT_TAG": "Edit tag",
    "TAGS_LABEL": "Tags",
    "CATALOG_BOOK_TITLE_LABEL": "Book Title",
    "CATALOG_BUNDLE_TITLE_LABEL": "Bundle Title",
    "CATALOG_BOOK_BUNDLE_TITLE_LABEL": "Book/Bundle Title",
    "CATALOG_AUTHOR_LABEL": "Author",
    "CATALOG_PUBLISHER_LABEL": "Book Publisher",
    "CATALOG_IMPRINT_LABEL": "Imprint",
    "CATALOG_PUBLICATION_DATE_LABEL": "Pub. Date",
    "CATALOG_BOOK_ISBN_LABEL": "ISBN",
    "CATALOG_NEW_GROUP_LABEL": "New Book Group Name",
    "CATALOG_EXISTING_GROUP_LABEL": "Add to Existing Book Group",
    "CATALOG_CREATE_GROUP_TITLE_LABEL": "Add Selected Books to a Book Group",
    "RECORDS_LABEL": "Records",
    "STATUS_LABEL": "Are you sure you want to change status of the user?",
    "OK_LABEL": "Ok",
    "RESET": "Reset",
    "REMOVE_LABEL": "Remove",
    "CANCEL": "Cancel",
    "DELETE": "Delete",
    "CONTINUE": "Continue",
    "GROUPS_NAME_LABEL": "Book Group Name",
    "GROUPS_FROM_DATE_LABEL": "From Date",
    "GROUPS_TO_DATE_LABEL": "To Date",
    "GROUPS_CREATED_BY_LABEL": "Created By",
    "GROUPS_CREATED_DATE_LABEL": "Created Date",
    "GROUPS_BOOKS_LABEL": "Books",
    "GROUPS_CLEAR_FILTER_LABEL": "Clear Filter",
    "GROUPS_REMOVE_SELECTED_LABEL": "Remove Selected Books",
    "GROUP_ADD_BUTTON_LABEL": "Add Books to Book Group",
    "LIST_ADD_BUTTON_LABEL": "Add Books to List",
    "GROUP_EDIT_LABEL": "Edit",
    "SEARCH_BY_TAGS_LABEL": "Search By Tags",
    "SEARCH_BY_KEYWORDS_LABEL": "Enter search keywords",
    "GROUP_BOOKS_LABEL": "Books in this Book Group",
    "MAINTAIN_BOOKS_LABEL": "Maintain Books",
    "CHANNELS_LABEL": "Sales Channels",
    "BOOKS_LABEL": "Maintain Book Metadata",
    "ADD_NEW_BOOK_LABEL": "Add New Book",
    "EDIT_EXISTING_BOOK_LABEL": "Edit book details",
    "MODEL_CODE_LABEL": "Code",
    "MODEL_DEFINITION_LABEL": "Definition",
    "MODEL_DESCRIPTION_LABEL": "Description",
    "MODEL_DETAILS_LABEL": "Business Model Details",
    "CHANNEL_ASSOCIATED_LABEL": "Channels associated with this Model",
    "GROUP_ASSOCIATED_LABEL": "Groups associated with this Model",
    "BOOKS_ASSOCIATED_LABEL": "Books associated with this Model",
    "PUBLISHER_LABEL": "Publisher",
    "RETAILER_LABEL": "Retailer",
    "PERMISSIONS_LABEL": "Permissions",
    "SELECT_ALL_LABEL": "Select All",
    "TOTAL_LABEL": "Total",
    "FOOTER_BOOKS_LABEL": "Book(s)",
    "FOOTER_GROUPS_LABEL": "Book Group(s)",
    "FOOTER_LISTS_LABEL": "List(s)",
    "FOOTER_CHANNELS_LABEL": "Sales Channel(s)",
    "SELECTED_LABEL": "selected",
    "SIDEBAR_HEADER_LABEL": "Selected Books",
    "SIDEBAR_ADD_TO_GROUP_LABEL": "Create/Add to Group",
    "SIDEBAR_REMOVE_ALL_LABEL": "Remove All",
    "CATALOG_REMOVE_CONFIRMATION_LABEL": "Are you sure you want to delete the record(s)?",
    "PLEASE_SELECT": "Please Select",
    "CATALOG_SELECT_ONE_LABEL": "Please select at least one record.",
    "CATALOG_CREATE_GROUP_LABEL": "Would you like to create a sales channel from book group",
    "CATALOG_DONE_LABEL": "I’m done",
    "CATALOG_CREATE_CHANNEL_LABEL": "Create Sales Channel",
    "CATALOG_TAG_PLACEHOLDER": "Enter tag here",
    "CATALOG_GROUP_PLACEHOLDER_LABEL": "Enter Book Group Name",
    "CATALOG_TAG_ALL_LABEL": "Tag All",
    "REMOVE_ALL_LABEL": "Tag Remove from All",
    "REMOVE_SEARCH_RESULT": "Remove Tag from Search Results",
    "REMOVE_TAG_SELECTED_LABEL": "Remove Tag Selected",
    "CATALOG_TAG_SELECTED_LABEL": "Tag Selected",
    "INVITE_USER_EMAIL_LABEL": "Use semicolon (;) to separate multiple e-mails",
    "CONFIRMATION_LABEL": "Confirmation",
    "CATALOG_BOOK_DETAIL_LABEL": "Book Details",
    "CATALOG_BOOK_DETAIL_TITLE_LABEL": "Title",
    "CATALOG_BOOK_DETAIL_SUBTITLE_LABEL": "Subtitle",
    "CATALOG_BOOK_DETAIL_VOLUME_LABEL": "Volume",
    "CATALOG_BOOK_DETAIL_EDITION_LABEL": "Edition",
    "CATALOG_BOOK_DETAIL_CONTRIBUTOR_LABEL": "Contributor",
    "CATALOG_BOOK_DETAIL_PUBLICATION_DATE_LABEL": "Publication Date",
    "CATALOG_BOOK_DETAIL_REGION_LABEL": "Region",
    "CATALOG_BOOK_DETAIL_COPYRIGHT_YEAR_LABEL": "Copyright Year",
    "CATALOG_BOOK_DETAIL_COPYRIGHT_OWNER_LABEL": "Copyright Owner",
    "CATALOG_BOOK_DETAIL_SUPPLIER_DETAILS_LABEL": "Supplier Details",
    "CATALOG_BOOK_DETAIL_SUPPLY_DATE_LABEL": "Supply Date",
    "CATALOG_BOOK_DETAIL_TITLE_AVAILABILITY_LABEL": "Title availability",
    "CATALOG_BOOK_DETAIL_IDENTIFIER_LABEL": "Identifier",
    "CATALOG_BOOK_DETAIL_IDENTIFIER_NAME_LABEL": "Identifier Name",
    "CATALOG_BOOK_DETAIL_PUBLISHER_LABEL": "Publisher",
    "CATALOG_BOOK_DETAIL_IMPRINT_LABEL": "Imprint",
    "CATALOG_BOOK_DETAIL_PRICE_LABEL": "Price",
    "CATALOG_BOOK_DETAIL_LANGUAGE_LABEL": "Language",
    "CATALOG_BOOK_DETAIL_SUBJECT_LABEL": "Subject",
    "CATALOG_BOOK_DETAIL_DESCRIPTION_LABEL": "Description",
    "CATALOG_BOOK_DETAIL_KEYWORDS_LABEL": "Keywords",
    "CATALOG_BOOK_DETAIL_AGE_RANGE_LABEL": "Age Range",
    "CATALOG_BOOK_DETAIL_US_GRADE_RANGE_LABEL": "US Grade Range",
    "CATALOG_BOOK_DETAIL_COUNTRY_INCLUDED_LABEL": "Countries Included",
    "CATALOG_BOOK_DETAIL_BOOK_REVIEW_LABEL": "Book Review",
    "CATALOG_BOOK_DETAIL_BOOK_TYPE_LABEL": "Book Type",
    "CATALOG_BOOK_DETAIL_SOURCE_LABEL": "Source",
    "CATALOG_BOOK_DETAIL_SOURCE_TITLE_LABEL": "Source Title",
    "CATALOG_BOOK_DETAIL_REVIEW_TEXT_LABEL": "Review Text",
    "CATALOG_BOOK_DETAIL_URL_LABEL": "URL",
    "CATALOG_BOOK_DETAIL_DATE_LABEL": "Date",
    "CATALOG_BOOK_DETAIL_ROLE_LABEL": "Role",
    "CATALOG_BOOK_DETAIL_AWARD_LABEL": "Award",
    "CATALOG_BOOK_DETAIL_AWARD_NAME_LABEL": "Award Name",
    "CATALOG_BOOK_DETAIL_AWARD_YEAR_LABEL": "Award Year",
    "CATALOG_BOOK_DETAIL_AWARD_COUNTRY_LABEL": "Award Country",
    "CATALOG_BOOK_DETAIL_AWARD_CODE_LABEL": "Award Code",
    "CATALOG_BOOK_DETAIL_RELATED_PRODUCTS_LABEL": "Related Products",
    "CATALOG_BOOK_DETAIL_BOOK_NAME_LABEL": "Book Name",
    "CATALOG_BOOK_DETAIL_RELATED_CODE_LABEL": "Related Code",
    "CATALOG_BOOK_DETAIL_IDENTIFIER_TYPE_LABEL": "Identifier Type",
    "CATALOG_TAG_MASTER_LABEL": "Create/Edit Tags",
    "ADD_BOOK_TITLE_LABEL": "1. Book Details",
    "ADD_BOOK_RELATED_LABEL": "2. Related Products",
    "ADD_BOOK_UPLOAD_COVER_LABEL": "3. Upload Cover",
    "EDIT_BOOK_TITLE_LABEL": "Title",
    "EDIT_BOOK_SUBTITLE_LABEL": "Subtitle",
    "EDIT_BOOK_VOLUME_LABEL": "Volume",
    "EDIT_BOOK_EDITION_LABEL": "Edition",
    "EDIT_BOOK_CON_ROLE_LABEL": "Contributor Role",
    "EDIT_BOOK_ISBN_LABEL": "Identifier Type",
    "EDIT_BOOK_PUBLISHER_LABEL": "Publisher",
    "EDIT_BOOK_IMPRINT_LABEL": "Imprint",
    "EDIT_BOOK_PUB_DATE_LABEL": "Publication Date",
    "EDIT_BOOK_PRICE_LABEL": "Price",
    "EDIT_BOOK_LANG_LABEL": "Language",
    "EDIT_BOOK_SUBJECT_LABEL": "Subject",
    "EDIT_BOOK_MAIN_SUBJECT_LABEL": "Main Subject",
    "EDIT_BOOK_DESC_LABEL": "Description",
    "EDIT_BOOK_KEYWORDS_LABEL": "Keywords",
    "EDIT_BOOK_AGE_RANGE_LABEL": "Age Range",
    "EDIT_BOOK_US_GRADE_LABEL": "US Grade Range",
    "EDIT_BOOK_REGION_INC_LABEL": "Region Included",
    "EDIT_BOOK_COUNTRIES_INC_LABEL": "Countries Included",
    "EDIT_BOOK_REGION_COUNTRY_INC_LABEL": "Regions / Countries Included",
    "EDIT_BOOK_AUDIENCE_LABEL": "Audience",
    "EDIT_BOOK_COPYRIGHT_YEAR_LABEL": "Copyright Year",
    "EDIT_BOOK_COPYRIGHT_OWNER_LABEL": "Copyright Owner",
    "EDIT_BOOK_SUPPLIER_LABEL": "Supplier Details",
    "EDIT_BOOK_SUPPLIER_DATE_LABEL": "Supplier Date",
    "EDIT_BOOK_TITLE_AVAILABILITY_LABEL": "Title Availability",
    "EDIT_BOOK_REVIEW_LABEL": "Review",
    "EDIT_BOOK_REVIEW_TYPE_LABEL": "Type",
    "EDIT_BOOK_SOURCE_LABEL": "Source",
    "EDIT_BOOK_REVIEW_TEXT_LABEL": "Review Text",
    "EDIT_BOOK_URL_LABEL": "URL",
    "EDIT_BOOK_DATE_ROLE_LABEL": "Date",
    "EDIT_BOOK_TYPE_LABEL": "Book Type",
    "EDIT_BOOK_SOURCE_TITLE_LABEL": "Source Title",
    "EDIT_BOOK_URL_LABEL": "Url",
    "EDIT_BOOK_DATE_LABEL": "Date",
    "EDIT_BOOK_ROLE_LABEL": "Role",
    "EDIT_BOOK_AWARD_LABEL": "Award",
    "EDIT_BOOK_AWARD_NAME_LABEL": "Award Name",
    "EDIT_BOOK_AWARD_YEAR_LABEL": "Year",
    "EDIT_BOOK_AWARD_COUNTRY_LABEL": "Award Country",
    "EDIT_BOOK_AWARD_CODE_LABEL": "Award Code",
    "EDIT_BOOK_ADD_NEW_LABEL": "+ Add New",
    "ADD_NEW_LABEL": "Add New",
    "EDIT_BOOK_UPDATE_LABEL": "Update",
    "EDIT_BOOK_LABEL": "Edit",
    "EDIT_BOOK_IMAGE_MIN_LABEL": "Min. file dimension 225 * 338",
    "EDIT_BOOK_IMAGE_MAX_LABEL": "Max. file dimension 1200 * 1803",
    "EDIT_BOOK_IMAGE_ALLOWED_FILE_TYPE_LABEL": "Allowed file type: jpg, jpeg, png",
    "EDIT_MAX_DESCRIPTION_LABEL": "Max. 4000 characters",
    "EDIT_MAX_KEYWORD_LABEL": "Max. 1000 characters",
    "PUBLISHER_COMPANY_PROFILE_TITLE": "Company Profile",
    "RETAILER_CATALOG_LABEL": "Catalog",
    "RETAILER_MYLISTS_LABEL": "My Lists",
    "RETAILER_MYWIDGETS_LABEL": "My Widgets",
    "ABOUT_BUSINESS_MODELS_LABEL": "About Business Models",
    "RETAILER_PRFERENCE_LABEL": "Prference",
    "RETAILER_COMPANY_PROFILE_TITLE": "Company Profile",
    "CHANNEL_WIZARD_LABEL": "Sales Channel Wizard",
    "CHANNEL_SETUP_LABEL": "Sales Channel Setup",
    "CHANNEL_SETUP_TITLE_LABEL": "Set up a Sales Channel",
    "CHANNEL_SETUP_MODEL_LABEL": "Choose a Business Model for the Channel",
    "CHANNEL_MODEL_USED_LABEL": "Frequently Used Models",
    "CHANNEL_ALL_MODEL_LABEL": "All Business Models",
    "CHANNEL_REGIONS_LABEL": "Regions",
    "CHANNEL_PRICING_LABEL": "Pricing",
    "CHANNEL_RETAILERS_LABEL": "Retailers",
    "RETAILERS_LABEL": "Retailer(s)",
    "CHANNEL_NAME_LABEL": "Sales Channel Name",
    "CHANNEL_CREATED_DATE_LABEL": "Date Created",
    "CHANNEL_BUSINESS_MODEL_LABEL": "Business Model",
    "CHANNEL_GROUP_LABEL": "Book Group",
    "CHANNEL_PRICE_LABEL": "Price",
    "CHANNEL_WINDOW_LABEL": "Window",
    "CHANNEL_REGION_LABEL": "Region",
    "CHANNEL_STATUS_LABEL": "Status",
    "CHANNEL_SHOW_LABEL": "Show",
    "CHANNEL_BOOK_PRICE_LABEL": "Price Details",
    "CHANNEL_BOOK_PRICE_TABLE_CURRENCY_LABEL": "Currency",
    "CHANNEL_BOOK_PRICE_TABLE_DIGITAL_LABEL": "Original Digital List",
    "CHANNEL_BOOK_PRICE_TABLE_PUBLISHER_SHARE_LABEL": "Publisher Share",
    "CHANNEL_ACTIVE_UNLESS_LABEL": "Active unless cancelled",
    "CHANNEL_START_DATE_LABEL": "Start Date",
    "CHANNEL_END_DATE_LABEL": "End Date",
    "CHANNEL_ASSOC_GROUP_LABEL": "Associate to Book Group",
    "CHANNEL_REG_COUN_SELECTION_LABEL": "Select Regions / Countries",
    "CHANNEL_SET_PRICING_LABEL": "Set Pricing",
    "CHANNEL_PAYOUT_LABEL": "Payout to Publisher",
    "CHANNEL_BOOK_PRICE_TABLE_SELLING_LABEL": "Adjusted Digital List",
    "ADJUSTED_SELLING_PRICE_LABEL": "Adjusted Selling Price",
    "CHANNEL_ADJUST_PRICE_TITLE_LABEL": "Adjust Digital List Prices on Individual Titles",
    "CHANNEL_SELECT_RETAILER_LABEL": "Select Retailers",
    "CHANNEL_PROCEED_FOR_ALL_LABEL": "Proceed for All Retailers",
    "CHANNEL_RETAILER_ADD_LABEL": "Add",
    "CHANNEL_SPECIFIC_RETAILER_LABEL": "Include Specific Retailers",
    "CHANNEL_EXCLUDE_RETAILER_LABEL": "Exclude Specific Retailers",
    "CHANNEL_UPDATE_LABEL": "Update",
    "RETAILER_PREFERENCE": "Retailer Preference",
    "RETAILER": "Retailer",
    "PREFERENCE": "Selling Preferences",
    "DEFAULT_MARKUP_OVER_COST": "Default Markup Over Cost",
    "COUNTRY_LABEL": "Country",
    "PRIMARY_SELLING_COUNTRY": "Primary Selling Country",
    "RETAILER_CATALOG_FILTER_BY": "Filter By",
    "RETAILER_CATALOG_SEARCH_BY": "Search by title, author or ISBN",
    "RETAILER_CATALOG_CLEAR_SELECTED": "Clear Selected",
    "RETAILER_SIDEBAR_CREATE_WIDGET": "Create Widget",
    "RETAILER_SIDEBAR_CREATE_LIST": "Create List",
    "RETAILER_SIDEBAR_UPDATE_LIST": "Update List",
    "RETAILER_CATALOG_ADD_ALL": "Add all results from all pages",
    "RETAILER_LIST_NAME_LABEL": "List Name",
    "RETAILER_CATALOG_LIST_PLACEHOLDER_LABEL": "Enter List Name",
    "COUNTRY_RESTRICT_MESSAGE": "Some regions/countries were filtered out due to book-level restrictions",
    "BOOKS_IN_THE_LIST": "Books in the List",
    "DELETE_SELECTED": "Delete Selected",
    "CREATE_WIDGET_LABEL": "Create Widget",
    "EDIT_WIDGET_LABEL": "Edit Widget",
    "WIDGET_NAME_LABEL": "Widget Name",
    "SHOW_METADATA_LABEL": "Show Metadata",
    "BELOW_LABEL": "Below",
    "ON_SIDE_LABEL": "On Side",
    "COVER_ACROSS_LABEL": "Covers Across",
    "COVER_DOWN_LABEL": "Covers Down",
    "COVER_SIZE_LABEL": "Covers Size",
    "SMALL_LABEL": "Small",
    "LARGE_LABEL": "Large",
    "YES_LABEL": "Yes",
    "NO_LABEL": "No",
    "WHITE_LABEL": "White",
    "BLACK_LABEL": "Black",
    "CUSTOM_LABEL": "Custom",
    "SHOW_SEARCH_LABEL": "Show Search Box",
    "COLOR_SETTINGS_LABEL": "Color Settings",
    "PLACEMENT_OF_LOGO_LABEL": "Placement of Logo",
    "PLACEMENT_OF_HEADLINE_TEXT_LABEL": "Placement of Headline Text",
    "TOP_LEFT_LABEL": "Top Left",
    "TOP_MIDDLE_LABEL": "Top Middle",
    "TOP_RIGHT_LABEL": "Top Right",
    "HEADLINE_TEXT_LABEL": "Headline Text",
    "WIDGET_PREVIEW_LABEL": "Widget Preview",
    "BUY_NOW_LABEL": "Buy Now",
    "SELLING_PRICE_LABEL": "Selling Price",
    "NOTE_LABEL": "Note",
    "NOTE_DESC_LABEL1": "This widget includes books/bundles being sold in wholesale models.",
    "NOTE_DESC_LABEL2": "Your default markup for these books/bundles is",
    "NOTE_DESC_LABEL3": "(You can adjust individual prices by clicking on the book/bundle covers.)",
    "SAVE_GENERATE_CODE_LABEL": "Save and Generate Code",
    "UPDATE_GENERATE_CODE_LABEL": "Update and Generate Code",
    "ABOUT_BOOK_LABEL": "About Book",
    "ABOUT_BUNDLE_LABEL": "About Bundle",
    "ASSOCIATED_BUSINESS_MODEL": "Associated Business Models",
    "CODE_LABEL": "Code",
    "DEFINITION_LABEL": "Definition",
    "YOUR_COST_LABEL": "Your Cost",
    "COPY_WIDGET_CODE_LABEL": "Copy Widget Code",
    "RETAILER_CURATION_TITLE_LABEL": "Retailer Catalog Curation",
    "ADMIN_MENU_CURATION_LABEL": "Catalog Curation",
    "EXISTING_LIST_LABEL": "Existing List",
    "LIST_CREATE_WIDGET_LABEL": "Would you like to create a widget from List",
    "WIDGET_DETAIL": "Widget Detail",
    "CATEGORY_NAME": "Category Name",
    "UPDATE_LABEL": "Update",
    "CURATION_REQUIRED": "Curation name is required.",
    "CREATE_LABEL": "Create",
    "CATEGORY_REQUIRED": "Category name is required.",
    "ADD_ALL_PAGES": "Add from all pages",
    "AUTHOR_NAME": "Author Name",
    "NO_OF_BOOKS": "No. of Books",
    "CROP_IMAGE": "Crop Image",
    "SEARCH_BUSINESS_MODEL": "Filter by a specific business model",
    "WIDGET_COPY_CLIPBOARD": "Widget code successfully copied to Clipboard",
    "VALUE_MORE_THAN_ZERO": "Enter price value more than 0.",
    "VALID_PRICE": "Enter valid price.",
    "PRICE_REQUIRED": "Price is required.",
    "ADMIN_HEADER_TITLE": "Admin Login",
    "ADMIN_MENU_LOOKUP_WIDGET_LABEL": "Lookup Widget",
    "LOOKUP_WIDGET_HEADER_TITLE": "Lookup Widget",
    "RETAILER_NAME_LABLE": "Retailer Name",
    "CREATION_DATE_LABEL": "Creation Date",
    "WIDGET_ID_LABEL": "Widget ID",
    "ENTER_ID": "Enter ID",
    "WIDGET_MAXLENGTH": "Enter 6 Digit value.",
    "SETTINGS_LABLE": "Settings",
    "BUNDLE_DEFAULT_IMAGE": "Bundle Default Image",
    "CONVERSION_SPREAD_LABEL": "Conversion Spread",
    "EDIT_LABEL": "Edit",
    "REMOVE_IMAGE": "Are You Sure You Want To Remove Image.",
    "WARNING_LABEL": "Warning",
    "REMOVE_IMAGE_CONFIRM": "After Click Save Button You Successfully Remove Bundle Image.",
    "CALCULATED_PRICE": "Calculated price",
    "MAX_HUNDRED": "Enter Max 100 value.",
    "NUMBER_ERROR": "Enter Only No Value.",
    "BUNDLE_MARKETING_DATA_LABEL": "Set marketing data for bundle",
    "PAY_FOR_BUNDLE_BOOK_LABEL": "Pay for Bundle of these books",
    "CONVERT_LABEL": "Convert",
    "CURRENCY_PRICE_BUNDLE_LABEL": "Fine-tune Currency Prices for Bundle",
    "SESSION_EXPIRE": "Session is expired",
    "BUNDLE_NAME_REQUIRED": "Bundle name is required.",
    "BUNDLE_DESCRIPTION_REQUIRED": "Bundle description is required.",
    "BUNDLE_PRICE_REQUIRED": "Bundle price is required.",
    "BUNDLE_CURRENCY_REQUIRED": "Bundle currency is required.",
    "CALCULATED_PRICE_LABEL": "Calculated Price",
    "CURRENCY_NOT_FOUND": "Convert Currency Not Found.",
    "SELECT_MODEL_ERROR": "Select at least one model.",
    "SELECT_ATLEAST_ONE_TAG": "Select at least one tag",
    "PUBLISHER_NAME": "Publisher Name",
    "DELIVERIES_LABEL": "Deliveries",
    "MANAGE_TRUST_LEVEL": "Manage Trust Level",
    "PUBLISHER_LIST": "DAD Publishers",
    "ADD_NEW_PUBLISHER": "Add New Publisher",
    "SHOW_RETAILER_LEVEL": "Show Retailers of Level",
    "SHOW_ALL_RETAILER": "Show All Retailers",
    "CHANGE_SELECTED": "Change Selected to",
    "CHANGE_LABEL": "Change",
    "LEVEL1_LABEL": "Show Level 1 - Retailers who sell via widget/storefront",
    "LEVEL2_LABEL": "Show Level 2 - Widget/storefront + receive metadata feed",
    "LEVEL3_LABEL": "Show Level 3 - Widget/storefront + metadata + content feed",
    "CAHNGE_SELECTED_LEVEL1_LABEL": "Retailers who sell via widget",
    "CAHNGE_SELECTED_LEVEL2_LABEL": "Retailers who sell via widget and API",
    "CAHNGE_SELECTED_LEVEL3_LABEL": "Level 3 - Widget/storefront + metadata + content feed",
    "FOOTER_PUBLISHERS_LABEL": "Publisher(s)",
    "PUBLISHER_NAME_REQUIRED": "Publisher name is required",
    "ENTER_VALID_PUBLISHER": "Publisher is not registered",
    "TRUST_LEVEL_LABEL": "Trust Level",
    "LEVEL_LABEL": "Level",
    "SELECT_LEVEL": "Select trust level",
    "DAD_DETAILS": "DAD Details",
    "LOOKUP_DAD_TITLE": "Digital Asset Distribution",
    "CONTACT_NAME_REQUIRED": "Contact name is required.",
    "EMAIL_REQUIRED": "Email is required.",
    "PHONE_NO_REQUIRED": "Phone number is required.",
    "CURRENCY_REQUIRED": "Currency is required.",
    "FULL_DISTRIBUTION_PRICE_REQUIRED": "Full distribution price is required.",
    "CONTENT_TRANSMITTED_PRICE_REQUIRED": "Content transmitted price is required.",
    "PRICE_PER_METADATA_REQUIRED": "Price per metadata file transmitted price is required.",
    "FIRST_SETUP_FEE_REQUIRED": "One-Time setup fee is required.",
    "DELIVERY_NAME_LABEL": "Delivery Name",
    "ALL_TITLES": "All Titles",
    "PUBLISHER_DAD_DELIVERIES_LIST": "Publisher DAD Deliveries List",
    "DAD_DELIVERY_DETAILS_LABEL": "DAD Delivery Details",
    "GROUP_LABEL": "Group",
    "METADATA_ONLY_LABEL": "Metadata-Only",
    "METADATA_AND_CONTENT": "Metadata And Content",
    "SEND_TITLES": "Send New Titles",
    "SEND_PRICE_REGION": "Send Pricing for these Regions",
    "METADATA_DESTINATION": "Metadata Destination",
    "IP_LABEL": "Destination Address",
    "PROTOCOL_LABEL": "Protocol",
    "ENTER_USERNAME": "Enter Username",
    "ENTER_PASSWORD": "Enter Password",
    "SUBFOLDER_LABEL": "Subfolder",
    "FOLDER_PER_DELIVERY": "Folder Per Delivery",
    "CONTENT_DESTINATION": "Content Destination",
    "COPY_DETAILS_FOR_METADATA": "Copy details from Metadata",
    "UPLOAD_BOOK_LABEL": "4. Upload Book",
    "BOOK_PREVIEW": "Book Preview",
    "BOOK_PREVIEW_LABEL": "5. Book Preview",
    "LOOKUP_DAD_DETAILS_TITLE": "Publisher DAD Deliveries",
    "EDIT_BOOK_EPUB_MIN_LABEL": "Minimum file size 3MB",
    "EDIT_BOOK_EPUB_MAX_LABEL": "Maximum file size 10MB",
    "EDIT_BOOK_EPUB_ALLOWED_FILE_TYPE_LABEL": "Allowed file type: epub, pdf",
    "MY_PREFERENCE_LABEL": "Preferences",
    "RETAILER_WHITELIST_BLACKLIST": "Retailer Whitelist and Blacklist",
    "GLOABLE_FILTER_LABEL": "Global Filter",
    "PERMIT_SALES_BY": "Permit Sales By:",
    "FILTER_BY_TRUST_LABLE": "Filter Retailers by Trust",
    "RETAILER_WIDGET_STORE_FRONT_LABEL": "Low - Allow only those retailers who sell via widget/storefront",
    "RETAILER_WIDGET_STORE_FRONT_METADATA_LABEL": "Medium - Allow widget/storefront plus those receiving metadata feed",
    "ALLOW_ALL_RETAILE_LABLE": "High - Allow all retailers (as above, plus those receiving content feed)",
    "WHITELIST_RETAILER": "Whitelist Specific Retailers",
    "BLACKLIST_RETAILER": "Blacklist Specific Retailers",
    "ADD_WHITELIST": "Add to Whitelist",
    "ADD_BLACKLIST": "Add to Blacklist",
    "TRUST_LEVEL_NAME_LABEL": "Trust Level Name",
    "CLEAR_LABEL": "Clear",
    "SEND_INVITE_LABEL": "Send Invite",
    "NO_DATA_FOUND_PREFERENCE_LABEL": "No data found - Try adjusting your Selling Preferences",
    "DRAG_REODER_LABEL": "Drag to reorder",
    "BOOK_ADD_SUCCESS": "Books Added Successfully.",
    "LIST_ADD_SUCCESS": "Lists Added Successfully.",
    "BOOK_IN_LABEL": "Books in",
    "GROUPS_BUNDLES_LABEL": "Bundles",
    "BUNDLES_LABEL": "Bundle(s)",
    "BUNDLE_PRICE": "Bundle Price",
    "EBOOK_PRICE": "ebook price",
    "NO_RECORD_FOR_DELETE": "No record found for delete.",
    "TAG_SEARCH_RESULT": "Tag All Search Results",
    "DOWNLOAD_EBOOK": "Download Ebook",
    "SELECT_BOOKS": "Select Books",
    "CURATIONS_LABEL": "Curation(s)",
    "IMAGE_DIMENSION_ERROR": "The image you are attempting to upload doesn't fit into the allowed dimensions.Minimum (300*450) and Maximum (600*900)",
    "ONE_TIME_SETUP_FEE": "One-Time Setup Fee",
    "CONTACTNAME_DAD_SERVICE": "Contact Name for DAD Service",
    "BILLING_EMAIL": "Email for Billing",
    "CONTACT_NUMBER": "Contact Number",
    "SELECT_CURRENCY": "Select Currency",
    "ONE_TIME_DISTRIBUTOR_PRICE": "Price for One-Time Full Distribution",
    "CONTENT_ITEM_TRANSMITTED": "Price per Content Item Transmitted",
    "PRICE_METADATA_FILE": "Price per Metadata File Transmitted",
    "SALES_MODELS": "Sales Models",
    "REVENUE": "Revenue",
    "BOOKS_SOLD": "Books Sold",
    "SALE_LABEL": "Sale",
    "AGENCY_LABEL": "Agency",
    "WHOLESALE": "Wholesale",
    "BY_CHAPTER": "By Chapter",
    "SUBSCRIPTION_BUNDLE": "Subscription Bundle",
    "GROUP_NAME": "Group Name",
    "EDIT_BOOK_WITH_B_LETTER": "Edit 'All Books with B",
    "PLEASE_SELECT_TRUST_LEVEL": "Please select trust level",
    "ENTER_IDENTIFIER": "Enter Identifier",
    "ENTER_VALID_ISBN": "Enter Valid ISBN",
    "ENTER_VALID_GTIN": "Enter Valid GTIN",
    "ENTER_DIFFERENT_AWARD_NAME": "Enter Different Award Name",
    "CHANNEL_SETUP_NOT_COMPLETE_CONFIRMATION": "You have not completed the Channel setup process.  Are you sure you want to leave this page?",
    "CHANGES_YOU_MADE_MAYBE_NOT_SAVED": "changes you made maybe not saved ?",
    "SELECT_ATLEAST_ONE_COUNTRY_AND_REGION": "Please select at least one country or region",
    "REMOVE_BUNDLE_PHOTO_MSG": "Are you sure you want to remove bundle photo ?",
    "CREATE_NEW_CATEGORY_LABEL": "Create New Category",
    "RETAILER_WHITELIST_BLACKLIST_LABEL": "Retailer whitelist and blacklist",
    "PREVIEW_SETTINGS": "Preview Settings",
    "CURRENCY_PREFERENCE": "Currency Preference",
    "PREVIEW_PERCENTAGE_LABEL": "Preview Percentage",
    "ALLOW_PREVIEW_LABEL": "Allow Preview",
    "DAD_NO_OF_RETRIES": "DAD number of retries",
    "ADMINISTRATIVE_CONTACT": "Administrative Contact",
    "TECHNICAL_SUPPORT": "Technical Support",
    "SELECT_PREFERENCE": "Select Preference",
    "SELECT_PRIMARY_SELLING_COUNTRY": "Select Primary Selling Country",
    "ADMIN_USERS_LIST": "Admin Users List",
    "USERTYPE_LABEL": "User Type",
    "NO_RECORD_FOUND": "No record found",
    "STATUS": "Status",
    "ASSOCIATED_GROUPS_AND_CHANNELS": "Associated Groups and Channels",
    "DAD_ADMIN_USER": "DAD Admin User",
    "EDIT_USER_DETAILS": "Edit User Details",
    "GROUP_ASSOCIATED_BOOK_LABEL": "Groups associated with this Book",
    "CHANNEL_ASSOCIATED_BOOK_LABEL": "Channels associated with this Book",
    "CHANNEL_DISCOUNT_LABEL": "Adjust/Discount Prices for Channel by",
    "CHAPTER_PRICE_IS_PRORETE_PLUS": "Chapter Price is pro-rata plus",
    "PER_PAGE_PRICE_IS_PRO_RATE_PLUS": "Per Page Price is pro rata plus",
    "BOOK_IS_OWNED_AFTER": "Book is owned after",
    "DIGITAL_LIST_PAID": "of Digital List is paid",
    "RECALCULATE_LABEL": "Recalculate",
    "THRESHOLD_PAYOUT_TO_PUBLISHER": "Threshold Payout to Publisher",
    "OF_PAGES_READ": "of pages read",
    "MIN_PER_PAGE_PRICE": "Min Per Page Price is",
    "WITH_MINIMUM_PAYOUT_OF": "With a minimum payout of",
    "THIS_BOOK_REQUIRES": "This book requires",
    "OF_BUNDLE_PRICE": "of bundle price",
    "PAYMENT_TO_PUBLISHER_FOR_EACH_ITEM_SUPPLIED": "Payment to Publisher for each item supplied",
    "PAYMENT_FROM_PUBLISHER_FOR_EACH_ITEM_SUPPLIED": "Payment FROM Publisher for each item supplied",
    "PAYMENT_FROM_PUBLISHER_FOR_ENTIRE_PROGRAM": "Payment from Publisher for entire program",
    "PAYMENT_TO_PUBLISHER_FOR_ENTIRE_PROGRAM": "Payment to Publisher for entire program",
    "LIMIT_ADS_TO": "Limit Ads to",
    "PRICING_NOT_SPECIFIED": "Pricing Not Specified",
    "FOR_EACH_STUDENT_PAY_PUBLISHER_FOR_THIS_GROUP_OF_TITLES": "For each Student, pay Publisher for this group of titles",
    "ADJUST_PRICE_FOR_CHANNEL_BY": "Adjust Prices for Channel by",
    "PRICE_PER_USE_IS": "Price per use is",
    "OF_DIGITAL_LIST": "of digital list",
    "OF_DIGITAL_LIST_PRICE": "of digital list price",
    "BOOK_PURCHASED_WHEN": "Book Purchased when",
    "DIGISTAL_LIST_PAID_LIBRARY_OWNS_THE_TITLE_ENABLE": "of digital list paid, changes to LIB001",
    "ONE_COPY_AT_TIME_CHECKOUT": "one copy at a time checkout",
    "PRICE_PER_COPY_IS": "Price per copy is",
    "SELECT_USERTYPE_LABEL": "Select Usertype",
    "INVITE_LABEL": "Invite",
    "PUBLISHERS_LABEL": "Publishers",
    "SHOW_PUBLISHERS_LABEL": "Show Publishers",
    "ADMIN_USERS_LABEL": "Admin Users",
    "ACCOUNT_INFORMATION": "Account Information",
    "FOR_THIS_BOOK": "for this book",
    "FINE_TUNE_PAYMENT_TO_PUBLISHER_PER_CURRENCY": "Fine-tune Payment to Publisher per currency",
    "SELECT_DAD_ADMIN_USER": "Select DAD Admin User",
    "PUBLISHERS_FOR": "Publishers for",
    "DIALLOW_PREVIEW_FOR_BOOK": "Check here to disallow preview for this book",
    "COMING_SOON_LABEL": "COMING SOON!",
    "BUSINESS_MODEL_COMING_SOON_LABEL": "THIS BUSINESS MODEL IS COMING SOON!",
    "FOR_SALE_IN_LABEL": "For Sale In",
    "SET_PASSWORD_TEXT": "Set Password",
    "PASSWORD_RESET_SUCCESSFULLY": "Password reset successfully.",
    "PASSWORD_SET_SUCCESSFULLY": "Password set successfully.",
    "MY_ACCOUNT_LABLE": "My Account",
    "SELL_WITH_DRM_LABLE": "Use DRM",
    "BOOK_SELL_WITH_DRM_INDEX_LABLE": "6. Book Sell With DRM",
    "BOOK_SELL_WITH_DRM_LABLE": "Book Sell With DRM",
    "GLOABLLY_CHANGE_DRM_SETTING": "This will change the setting for every book in your catalog",
    "FILTER_BY_LANGUAGE": "Filter By Language",
    "FILTER_BY_BUSINESS_MODEL": "Filter By Business Model",
    "FILTER_BY_PRICE": "Filter By Price",
    "SHOW_ALL": "Show All",
    "ENGLISH_LABEL": "English",
    "SPANISH_LABEL": "Spanish",
    "LIMIT_BY_PRICE_LABEL": "Limit by Price",
    "SALES_PERSON_LABEL": "Sales Person",
    "UPDATE_SALES_PERSON": "Update Sales Person",
    "SALESPERSON_NAME_LABEL": "Sales Person Name",
    "DRM_PREFERENCES": "DRM Preferences",
    "NO_OF_REDELIVERY": "No. of Redelivery",
    "NO_OF_REDELIVERIES": "No. of Redeliveries",
    "BOOK_REDELIVERY_LABEL": "Book Redeliveries",
    "ONE_NO": "1. ",
    "TWO_NO": "2. ",
    "THREE_NO": "3. ",
    "FOUR_NO": "4. ",
    "FIVE_NO": "5. ",
    "SIX_NO": "6. ",
    "PURCHASE_AUTHENTICATION": "Purchase Email",
    "PURCHASE_HISTORY": "Purchase History",
    "PURCHASE_EMAIL_ADDRESS_LABEL": "Enter Your Email Address",
    "PURCHASE_AUTH_TITLE": "Enter your email address below. if your address has been used previously to purchase books through 1World Content, you will receive an email with instructions for downloading additional copies of your books.",
    "PURCHASE_HISTORY_LABEL": "Purchase History",
    "TRANSACTION_DATE": "Transaction Date",
    "TITLE_LABEL": "Title",
    "AUTHOR_LABLE": "Author",
    "PRICE_LABEL": "Price",
    "DOWNLOADED_LABEL": "Downloaded",
    "DOWNLOAD_LIMIT": "Download Limit",
    "DOWNLOAD_LABEL": "Download",
    "YOUR_INFORMATION": "Your Information",
    "HOW_1WORLD_PAY_YOU": "How 1world Pays You",
    "SENDING_TIYLE_TO_1WORLD": "Sending Titles To 1world",
    "CONTINUE_TO_COMPANY_INFORMATION": "Continue to Company Information",
    "PAYMENT_INFORMATION": "Payment Information",
    "ONEWORLD_PAYS_BOOKS_THAT_ARE_SOLD": "How 1World pays you for books that are sold (when using widget)",
    "ACCOUNT_NAME_LABEL": "Account Name",
    "ACCOUNT_NUMBER_LABEL": "Account Number",
    "SAVE_CHANGES": "Save Changes",
    "ACH_LABEL": "ACH (US Only)",
    "PAYPAL_LABEL": "Paypal",
    "DWOLLA_LABEL": "Dwolla (US only)",
    "CONTINUE_TO_DELIVERY_INFORMATION": "Continue to Delivery Information",
    "STAR_SIGN": "********",
    "NOT_CREATED_FTP_SITE_DELIVERIES": "You have not yet created an SFTP site for deliveries.",
    "CREATE_ONE_NOW": "Create One Now",
    "FTP_ACCOUNT_SUCCESS": "Your SFTP account has been created. Please note down the credentials below as the system will not show them again.",
    "FTP_ADDRESS": "SFTP Address",
    "REQUEST_PASSWORD": "Request Password",
    "CONTINUE_TO_USER_INFORMATION": "Continue to User Information",
    "CONTINUE_TO_PAY_INFORMATION": "Continue to Payment Information",
    "CHOOSE_THE_WIDGET": "Choose the Widget",
    "CHOOSE_THE_API": "Choose the API",
    "SET_UP_LATER": "Set Up Later",
    "EASIEST_CHOICE": "Easiest Choice: The Widget",
    "EASIEST_CHOICE_FIRST_INSTRUCTION": "The easiest way to get started with just a few clicks is to use our Widget technology.",
    "EASIEST_CHOICE_SECOND_INSTRUCTION": "You choose the books you’d like to feature and in a few quick clicks, get one line of code you can drop into your webpage or blog",
    "EASIEST_CHOICE_THIRD_INSTRUCTION": "Using the Widget, 1World will collect the funds and send you the money you have earned. ",
    "CHOOSE_API_TOOLTIP": "API documents are coming soon.  We will notify you when they are available.",
    "API_COMING_SOON": "API is coming soon",
    "CONTINUE_TO_PREFERENCE": "Continue to Selling Preference",
    "CONTINUE_TO_PUBLISHER_PREFERENCE": "Continue to Publisher Preference",
    "SALESPERSON_NAME_NOT_VALID": "Sales Person name is not valid",
    "VERSION_TITLE": "Version",
    "SERIAL_NO": "Sr No",
    "REVIDSIONS": "Revisions",
    "REVIDSION_HISTORY_TITLE": "Revisions History",
    "UPDATED_ON": "Updated On",
    "DELIVER_TITLES_TO_1WORLD": "How you deliver your titles to 1World",
    "STEPS_TO_DELIVER_TITLES": "There are two easy ways to send us titles.",
    "STEP_1_SFTP": "SFTP – We receive titles the same way as your other retailers. You send us an ONIX feed and the titles via SFTP.",
    "STEP_2_UPLOAD_ONIX": "Upload single titles – we have an upload form for single titles on the Maintain Books screen.",
    "ACCOUNTNO": "A/C No",
    "VIDEO_LABEL": "Video",
    "WIDGET_FOOTER_TEXT": "Powered by 1World",
    "PLAY_ANYWHERE": "Play Anywhere",
    "PREVIEW_BUNDLE": "Preview the Bundle",
    "PREVIEW_BOOK": "Preview the Book"
}