{
    "PAGE_TITLE": "1World Содержание Обмен",
    "PAGE_CONTENT": "Как переводить ваши AngularJS приложения без перезагрузки страницы с angular-translate",
    "views.signup.login.title" : "Anmeldung",
    "views.signup.formtitle": "зарегистрироваться",
    "views.signup.formdetail": "Введите свои личные данные ниже:",
    "views.signup.firstname": "Имя",
    "views.signup.lastname": "Фамилия",
    "views.signup.companyname": "название компании",
    "views.signup.email": "Эл. адрес",
    "views.signup.password": "пароль",
    "views.signup.agree": "я согласен",
    "views.signup.term": "Условия использования",
    "views.signup.and": "а также",
    "views.signup.privacy": "политика конфиденциальности",
    "views.signup.button": "Зарегистрироваться",
    "views.signup.back": "назад",
    "views.signup.success": "Вы успешно подписались на 1 World Content, пожалуйста, проверьте ваш зарегистрированный аккаунт электронной почты для активации учетной записи.",
    "views.signup.error": "Пожалуйста, попробуйте через некоторое время.",  
    "views.signup.verify": "Счет успешно подтверждена.",
    "views.signup.alredy.verify": "Ваш аккаунт уже подтвержден.",
    "directives.language-select.Language": "Язык"
}
